"ƒåasov√° znaƒçka","Please choose how accurate the emoji for given text is. [üå∂Ô∏è Chilli Mayonnaise]","Please choose how accurate the emoji for given text is. [üö¨ SmokyBBQ Spice Pouch]","Please choose how accurate the emoji for given text is. [‚òï Espresso Macchiato]","Please choose how accurate the emoji for given text is. [ü¶ª Choc Hazel Croissant]","Please choose how accurate the emoji for given text is. [üê∂ FACE WASH]","Please choose how accurate the emoji for given text is. [üß¥ BEARD SHAMPO]","Please choose how accurate the emoji for given text is. [üç© DOUGHNUTS]","Please choose how accurate the emoji for given text is. [ü¶∑ TOOTHBRUSH]","Please choose how accurate the emoji for given text is. [üß¥ MOISTURISER]","Please choose how accurate the emoji for given text is. [ü•î Panfried Potatoes]","Please choose how accurate the emoji for given text is. [üßÉ Fruit in Juice]","Please choose how accurate the emoji for given text is. [üå∂Ô∏è Scottish C M Cheddar]","Please choose how accurate the emoji for given text is. [üçí Dried Cranberries]","Please choose how accurate the emoji for given text is. [üëü Bananas Loose]","Please choose how accurate the emoji for given text is. [üë∑ Mixed Grapes]","Please choose how accurate the emoji for given text is. [üèà Fabric Cond Summer]","Please choose how accurate the emoji for given text is. [üß¢ Lenor SumBreeze Cond]","Please choose how accurate the emoji for given text is. [üö∞ Diet coke]","Please choose how accurate the emoji for given text is. [üç¶ HEINZ SALAD CREAM]","Please choose how accurate the emoji for given text is. [üì± I/LEATHER SHOWER CRM]","Please choose how accurate the emoji for given text is. [üöì MUG SHOT NOODLE CHKN]","Please choose how accurate the emoji for given text is. [üî´ MUG SHOT CHEESE]","Please choose how accurate the emoji for given text is. [üçµ MUG SHOT SOUP]","Please choose how accurate the emoji for given text is. [üëö NAKED NOODLE POT]","Please choose how accurate the emoji for given text is. [ü•° NAKED NOODLE NOODLES]","Please choose how accurate the emoji for given text is. [üçπ DORITOS HEATWAVE]","Please choose how accurate the emoji for given text is. [ü•™ Sandwich Fillers Off]","Please choose how accurate the emoji for given text is. [ü•õ Soya Drink]","Please choose how accurate the emoji for given text is. [üë™ Family Pack Onions]","Please choose how accurate the emoji for given text is. [üëº Baby Corn]","Please choose how accurate the emoji for given text is. [üì∑ FLASH SPEEDMOP KIT +6 WIPES]","Please choose how accurate the emoji for given text is. [üèÑ MAUI MASK BAMBOO 340ML]","Please choose how accurate the emoji for given text is. [üßØ EVEREADY FLOOR ANTI BAC WIPES]","Please choose how accurate the emoji for given text is. [üöí BRADBURYS PISTACHIOS]","Please choose how accurate the emoji for given text is. [üßΩ AQUA SOFT SPONGE]","Please choose how accurate the emoji for given text is. [üêû ASTROPLAST FIRST AID KIT RO3]","Please choose how accurate the emoji for given text is. [üç¨ CHUPA LOLLIPOPS]","Please choose how accurate the emoji for given text is. [üîë DR PEPPER ZERO]","Please choose how accurate the emoji for given text is. [üéÖ Margarita]","Please choose how accurate the emoji for given text is. [üßä Snow Combo]","Please choose how accurate the emoji for given text is. [üêî Chicken Fried Rice And Egg]","Please choose how accurate the emoji for given text is. [üö∞ Sprite]","Please choose how accurate the emoji for given text is. [‚ú® Perrier Sparkling Water]","Please choose how accurate the emoji for given text is. [üç∫ BIL BEER]","Please choose how accurate the emoji for given text is. [üèà BRUSSELS SPROUTS]","Please choose how accurate the emoji for given text is. [üßÄ GRILLED CHEESE]","Please choose how accurate the emoji for given text is. [üçü Garlic Fries]","Please choose how accurate the emoji for given text is. [üö∞ Drink of the Day]","Please choose how accurate the emoji for given text is. [‚òï Coke]","Please choose how accurate the emoji for given text is. [ü©≥ Short Rib]","Please choose how accurate the emoji for given text is. [üçî Diet Coke]","Please choose how accurate the emoji for given text is. [ü¶Ö Crispy Naked Wings]","Please choose how accurate the emoji for given text is. [üçî Rib Eye Steak]","Please choose how accurate the emoji for given text is. [ü¶™ .6 Oysters]","Please choose how accurate the emoji for given text is. [üçü .Fish and Chips]","Please choose how accurate the emoji for given text is. [ü¶Ö .Chicken Wings]","Please choose how accurate the emoji for given text is. [üç∑ .*Sparkling Wine]","Please choose how accurate the emoji for given text is. [‚òï .*Open Liquor]","Please choose how accurate the emoji for given text is. [ü•£ Mega Poke Bowl]","Please choose how accurate the emoji for given text is. [üêü Salmon - Sashimi]","Please choose how accurate the emoji for given text is. [üåÆ TACO ASADA]","Please choose how accurate the emoji for given text is. [üåØ QUESADILLA ASADA]","Please choose how accurate the emoji for given text is. [‚òï Coffee]","Please choose how accurate the emoji for given text is. [üßÄ Chicken Parmesan]","Please choose how accurate the emoji for given text is. [üçî The Bacon-Cheese Burger]","Please choose how accurate the emoji for given text is. [üßÄ Dbl Qtr Cheese]","Please choose how accurate the emoji for given text is. [üèà Pizza Americana]","Please choose how accurate the emoji for given text is. [üç∞ Carrot Cake]","Please choose how accurate the emoji for given text is. [üßà BUTTERNUT SOUFFLE]","Please choose how accurate the emoji for given text is. [ü•¶ GL BROCCOLI SOUFFL]","Which image is more readable?","Which image is more readable?","Which image is more readable?","Which image is more readable?","Which image is more readable?","Which image is more readable?","Which image is more readable?","Which image is more readable?","Which image is more readable?","Which image is more readable?","Which image is more readable?","Which image is more readable?","Which image is more readable?","Which image is more readable?","Which image is more readable?","Which image is more readable?","Which image is more readable?","Which image is more readable?","Which image is more readable?","Which image is more readable?","Which image is more readable?","Which image is more readable?","Which image is more readable?","Which image is more readable?","Which image is more readable?","Which image is more readable?","Which image is more readable?","Which image is more readable?","Which image is more readable?","Which image is more readable?"
"2021/05/10 9:24:54 dop. GMT+2","Accurate","Mildly accurate","Accurate","Not accurate","Mildly accurate","Accurate","Accurate","Accurate","Accurate","Accurate","Accurate","Not accurate","Accurate","Not accurate","Mildly accurate","Accurate","Not accurate","Mildly accurate","Not accurate","Mildly accurate","Not accurate","Mildly accurate","Accurate","Not accurate","Accurate","Mildly accurate","Accurate","Accurate","Accurate","Accurate","Mildly accurate","Accurate","Mildly accurate","Not accurate","Accurate","Mildly accurate","Accurate","Not accurate","Not accurate","Accurate","Accurate","Accurate","Accurate","Accurate","Not accurate","Accurate","Accurate","Accurate","Accurate","Not accurate","Mildly accurate","Accurate","Accurate","Accurate","Accurate","Accurate","Accurate","Accurate","Accurate","Accurate","Accurate","Accurate","Accurate","Accurate","Accurate","Accurate","Not accurate","Accurate","Accurate","Accurate","Right","Left","Right","Right","Right","Right","Right","Right","Right","Right","Right","Right","Right","Right","Right","Right","Right","Right","Right","Right","Right","Right","Right","Right","Left","Left","Right","Right","Right","Right"
"2021/05/10 9:41:54 dop. GMT+2","Accurate","Not accurate","Accurate","Not accurate","Not accurate","Mildly accurate","Accurate","Mildly accurate","Mildly accurate","Mildly accurate","Mildly accurate","Not accurate","Not accurate","Not accurate","Not accurate","Not accurate","Not accurate","Not accurate","Not accurate","Not accurate","Not accurate","Not accurate","Not accurate","Not accurate","Mildly accurate","Not accurate","Not accurate","Mildly accurate","Mildly accurate","Mildly accurate","Not accurate","Not accurate","Not accurate","Not accurate","Mildly accurate","Not accurate","Accurate","Not accurate","Not accurate","Not accurate","Mildly accurate","Not accurate","Not accurate","Mildly accurate","Not accurate","Accurate","Mildly accurate","Accurate","Not accurate","Not accurate","Not accurate","Not accurate","Not accurate","Not accurate","Not accurate","Not accurate","Mildly accurate","Not accurate","Mildly accurate","Mildly accurate","Mildly accurate","Not accurate","Accurate","Accurate","Accurate","Accurate","Not accurate","Mildly accurate","Not accurate","Accurate","Left","Left","Right","Right","Left","Left","Left","Right","Right","Right","Left","Right","Right","Right","Right","Right","Left","Left","Left","Right","Left","Right","Left","Left","Left","Left","Left","Left","Left","Left"
"2021/05/10 10:07:28 dop. GMT+2","Not accurate","Not accurate","Mildly accurate","Not accurate","Not accurate","Mildly accurate","Accurate","Not accurate","Mildly accurate","Accurate","Mildly accurate","Not accurate","Mildly accurate","Mildly accurate","Not accurate","Not accurate","Not accurate","Not accurate","Not accurate","Not accurate","Not accurate","Not accurate","Not accurate","Not accurate","Mildly accurate","Not accurate","Not accurate","Mildly accurate","Not accurate","Not accurate","Not accurate","Not accurate","Not accurate","Not accurate","Not accurate","Not accurate","Not accurate","Not accurate","Not accurate","Not accurate","Not accurate","Not accurate","Not accurate","Not accurate","Not accurate","Not accurate","Not accurate","Not accurate","Not accurate","Not accurate","Not accurate","Not accurate","Not accurate","Not accurate","Mildly accurate","Not accurate","Mildly accurate","Not accurate","Not accurate","Not accurate","Not accurate","Not accurate","Accurate","Mildly accurate","Mildly accurate","Not accurate","Not accurate","Not accurate","Mildly accurate","Mildly accurate","Right","Left","Right","Left","Left","Left","Right","Right","Right","Right","Left","Left","Left","Right","Right","Right","Left","Left","Left","Left","Left","Left","Left","Left","Left","Left","Right","Left","Left","Left"
"2021/05/10 10:08:07 dop. GMT+2","Mildly accurate","Not accurate","Accurate","Not accurate","Not accurate","Accurate","Accurate","Mildly accurate","Accurate","Accurate","Accurate","Not accurate","Mildly accurate","Not accurate","Not accurate","Not accurate","Not accurate","Mildly accurate","Not accurate","Not accurate","Not accurate","Mildly accurate","Accurate","Not accurate","Accurate","Not accurate","Accurate","Accurate","Mildly accurate","Not accurate","Not accurate","Not accurate","Not accurate","Not accurate","Mildly accurate","Not accurate","Accurate","Not accurate","Not accurate","Accurate","Mildly accurate","Accurate","Not accurate","Accurate","Not accurate","Accurate","Accurate","Accurate","Mildly accurate","Mildly accurate","Not accurate","Mildly accurate","Mildly accurate","Accurate","Accurate","Mildly accurate","Accurate","Mildly accurate","Accurate","Accurate","Accurate","Accurate","Accurate","Mildly accurate","Accurate","Accurate","Mildly accurate","Accurate","Accurate","Mildly accurate","Right","Left","Right","Right","Left","Right","Right","Right","Right","Right","Right","Right","Right","Right","Right","Right","Right","Left","Left","Right","Right","Right","Left","Right","Left","Left","Right","Right","Right","Right"
"2021/05/10 10:08:37 dop. GMT+2","Mildly accurate","Not accurate","Accurate","Not accurate","Not accurate","Accurate","Accurate","Mildly accurate","Accurate","Accurate","Accurate","Not accurate","Mildly accurate","Not accurate","Not accurate","Not accurate","Not accurate","Not accurate","Not accurate","Not accurate","Not accurate","Not accurate","Mildly accurate","Not accurate","Accurate","Not accurate","Accurate","Accurate","Mildly accurate","Mildly accurate","Not accurate","Not accurate","Not accurate","Not accurate","Accurate","Not accurate","Not accurate","Not accurate","Not accurate","Not accurate","Mildly accurate","Not accurate","Not accurate","Accurate","Not accurate","Mildly accurate","Mildly accurate","Not accurate","Not accurate","Not accurate","Not accurate","Not accurate","Not accurate","Accurate","Mildly accurate","Not accurate","Mildly accurate","Not accurate","Mildly accurate","Accurate","Accurate","Not accurate","Accurate","Not accurate","Accurate","Accurate","Not accurate","Accurate","Accurate","Mildly accurate","Right","Left","Right","Right","Right","Right","Right","Right","Right","Right","Right","Right","Right","Right","Right","Right","Left","Left","Left","Left","Left","Left","Left","Left","Left","Left","Left","Left","Left","Left"
"2021/05/10 10:09:09 dop. GMT+2","Mildly accurate","Mildly accurate","Accurate","Not accurate","Not accurate","Accurate","Accurate","Mildly accurate","Accurate","Accurate","Accurate","Not accurate","Mildly accurate","Not accurate","Not accurate","Not accurate","Not accurate","Mildly accurate","Mildly accurate","Not accurate","Not accurate","Not accurate","Accurate","Not accurate","Accurate","Not accurate","Mildly accurate","Accurate","Mildly accurate","Not accurate","Not accurate","Not accurate","Not accurate","Not accurate","Accurate","Not accurate","Mildly accurate","Not accurate","Not accurate","Accurate","Mildly accurate","Mildly accurate","Mildly accurate","Accurate","Not accurate","Accurate","Accurate","Mildly accurate","Not accurate","Not accurate","Not accurate","Not accurate","Not accurate","Accurate","Accurate","Mildly accurate","Accurate","Not accurate","Accurate","Mildly accurate","Accurate","Accurate","Accurate","Mildly accurate","Accurate","Accurate","Not accurate","Mildly accurate","Mildly accurate","Accurate","Right","Left","Right","Right","Right","Right","Right","Right","Right","Right","Right","Right","Right","Right","Right","Right","Left","Left","Right","Left","Left","Left","Left","Left","Left","Left","Left","Right","Right","Left"
"2021/05/10 10:52:18 dop. GMT+2","Mildly accurate","Mildly accurate","Accurate","Not accurate","Not accurate","Accurate","Accurate","Mildly accurate","Accurate","Mildly accurate","Not accurate","Not accurate","Not accurate","Not accurate","Not accurate","Not accurate","Not accurate","Not accurate","Not accurate","Not accurate","Not accurate","Not accurate","Accurate","Not accurate","Mildly accurate","Mildly accurate","Accurate","Accurate","Not accurate","Not accurate","Not accurate","Not accurate","Not accurate","Not accurate","Accurate","Not accurate","Accurate","Not accurate","Not accurate","Not accurate","Mildly accurate","Not accurate","Not accurate","Accurate","Not accurate","Mildly accurate","Accurate","Mildly accurate","Accurate","Not accurate","Not accurate","Not accurate","Mildly accurate","Not accurate","Mildly accurate","Not accurate","Accurate","Accurate","Accurate","Mildly accurate","Accurate","Mildly accurate","Accurate","Accurate","Accurate","Accurate","Not accurate","Mildly accurate","Not accurate","Mildly accurate","Right","Left","Right","Right","Left","Right","Right","Right","Right","Right","Right","Right","Right","Right","Right","Right","Right","Left","Right","Right","Right","Right","Right","Right","Left","Left","Right","Right","Right","Right"
"2021/05/10 11:22:28 dop. GMT+2","Accurate","Not accurate","Mildly accurate","Mildly accurate","Not accurate","Not accurate","Accurate","Mildly accurate","Mildly accurate","Mildly accurate","Accurate","Not accurate","Mildly accurate","Mildly accurate","Not accurate","Not accurate","Not accurate","Not accurate","Not accurate","Not accurate","Not accurate","Mildly accurate","Mildly accurate","Not accurate","Not accurate","Not accurate","Not accurate","Accurate","Mildly accurate","Accurate","Accurate","Mildly accurate","Not accurate","Mildly accurate","Mildly accurate","Not accurate","Mildly accurate","Not accurate","Not accurate","Mildly accurate","Mildly accurate","Not accurate","Mildly accurate","Mildly accurate","Not accurate","Mildly accurate","Not accurate","Not accurate","Not accurate","Not accurate","Not accurate","Not accurate","Not accurate","Mildly accurate","Mildly accurate","Mildly accurate","Mildly accurate","Not accurate","Accurate","Accurate","Accurate","Mildly accurate","Accurate","Mildly accurate","Accurate","Mildly accurate","Mildly accurate","Accurate","Accurate","Accurate","Right","Left","Right","Right","Left","Right","Right","Right","Right","Right","Right","Right","Right","Right","Right","Right","Right","Left","Right","Left","Left","Left","Right","Left","Left","Right","Right","Right","Right","Right"
"2021/05/10 11:29:56 dop. GMT+2","Mildly accurate","Not accurate","Accurate","Not accurate","Not accurate","Mildly accurate","Accurate","Mildly accurate","Mildly accurate","Accurate","Accurate","Not accurate","Mildly accurate","Not accurate","Not accurate","Not accurate","Not accurate","Not accurate","Not accurate","Not accurate","Not accurate","Not accurate","Accurate","Not accurate","Accurate","Not accurate","Accurate","Accurate","Not accurate","Not accurate","Not accurate","Not accurate","Not accurate","Not accurate","Accurate","Not accurate","Mildly accurate","Not accurate","Not accurate","Mildly accurate","Mildly accurate","Not accurate","Not accurate","Accurate","Not accurate","Mildly accurate","Accurate","Not accurate","Not accurate","Not accurate","Not accurate","Not accurate","Not accurate","Accurate","Accurate","Not accurate","Accurate","Not accurate","Mildly accurate","Mildly accurate","Accurate","Mildly accurate","Accurate","Not accurate","Accurate","Not accurate","Not accurate","Mildly accurate","Mildly accurate","Mildly accurate","Right","Left","Right","Left","Left","Right","Right","Right","Right","Left","Left","Right","Left","Right","Left","Right","Left","Left","Right","Left","Left","Left","Left","Left","Left","Left","Right","Left","Left","Right"
"2021/05/10 12:30:32 odp. GMT+2","Mildly accurate","Not accurate","Mildly accurate","Not accurate","Not accurate","Mildly accurate","Accurate","Mildly accurate","Mildly accurate","Mildly accurate","Not accurate","Not accurate","Not accurate","Not accurate","Not accurate","Not accurate","Not accurate","Not accurate","Not accurate","Not accurate","Not accurate","Not accurate","Mildly accurate","Not accurate","Mildly accurate","Not accurate","Mildly accurate","Not accurate","Not accurate","Not accurate","Not accurate","Not accurate","Not accurate","Not accurate","Mildly accurate","Not accurate","Not accurate","Not accurate","Not accurate","Not accurate","Not accurate","Not accurate","Not accurate","Mildly accurate","Not accurate","Not accurate","Not accurate","Not accurate","Not accurate","Not accurate","Not accurate","Not accurate","Not accurate","Not accurate","Not accurate","Not accurate","Mildly accurate","Not accurate","Not accurate","Not accurate","Mildly accurate","Not accurate","Accurate","Not accurate","Accurate","Not accurate","Not accurate","Mildly accurate","Not accurate","Not accurate","Right","Left","Right","Left","Left","Left","Right","Right","Right","Right","Right","Right","Right","Right","Right","Right","Left","Left","Left","Left","Left","Left","Right","Left","Left","Left","Left","Right","Left","Right"
"2021/05/10 2:13:32 odp. GMT+2","Mildly accurate","Not accurate","Accurate","Not accurate","Not accurate","Not accurate","Accurate","Not accurate","Mildly accurate","Not accurate","Accurate","Not accurate","Not accurate","Not accurate","Not accurate","Not accurate","Not accurate","Not accurate","Not accurate","Not accurate","Not accurate","Not accurate","Mildly accurate","Not accurate","Mildly accurate","Not accurate","Accurate","Mildly accurate","Not accurate","Not accurate","Not accurate","Not accurate","Not accurate","Not accurate","Mildly accurate","Not accurate","Not accurate","Not accurate","Not accurate","Not accurate","Not accurate","Not accurate","Not accurate","Mildly accurate","Not accurate","Not accurate","Not accurate","Not accurate","Not accurate","Not accurate","Not accurate","Not accurate","Not accurate","Not accurate","Not accurate","Not accurate","Not accurate","Not accurate","Not accurate","Not accurate","Mildly accurate","Not accurate","Accurate","Not accurate","Mildly accurate","Accurate","Not accurate","Mildly accurate","Mildly accurate","Mildly accurate","Right","Left","Right","Right","Left","Right","Right","Right","Left","Right","Right","Right","Right","Right","Right","Right","Right","Right","Right","Right","Right","Right","Left","Left","Left","Right","Right","Right","Right","Right"
"2021/05/10 2:15:53 odp. GMT+2","Mildly accurate","Not accurate","Accurate","Not accurate","Not accurate","Mildly accurate","Accurate","Mildly accurate","Mildly accurate","Mildly accurate","Mildly accurate","Not accurate","Mildly accurate","Not accurate","Not accurate","Not accurate","Not accurate","Mildly accurate","Not accurate","Not accurate","Not accurate","Not accurate","Mildly accurate","Not accurate","Mildly accurate","Not accurate","Mildly accurate","Mildly accurate","Not accurate","Not accurate","Not accurate","Not accurate","Not accurate","Not accurate","Mildly accurate","Not accurate","Mildly accurate","Not accurate","Not accurate","Not accurate","Mildly accurate","Mildly accurate","Mildly accurate","Accurate","Not accurate","Mildly accurate","Accurate","Mildly accurate","Mildly accurate","Not accurate","Not accurate","Mildly accurate","Mildly accurate","Accurate","Mildly accurate","Mildly accurate","Accurate","Not accurate","Mildly accurate","Mildly accurate","Accurate","Accurate","Accurate","Mildly accurate","Accurate","Mildly accurate","Not accurate","Mildly accurate","Mildly accurate","Mildly accurate","Right","Left","Right","Right","Left","Right","Right","Right","Right","Right","Right","Right","Right","Right","Right","Right","Left","Left","Left","Right","Left","Left","Left","Right","Left","Left","Right","Right","Left","Right"
"2021/05/10 2:19:28 odp. GMT+2","Mildly accurate","Not accurate","Accurate","Not accurate","Not accurate","Accurate","Accurate","Accurate","Accurate","Accurate","Accurate","Not accurate","Not accurate","Not accurate","Not accurate","Not accurate","Not accurate","Mildly accurate","Mildly accurate","Not accurate","Not accurate","Not accurate","Mildly accurate","Not accurate","Mildly accurate","Not accurate","Accurate","Mildly accurate","Mildly accurate","Mildly accurate","Not accurate","Not accurate","Not accurate","Not accurate","Accurate","Not accurate","Accurate","Not accurate","Not accurate","Accurate","Mildly accurate","Mildly accurate","Mildly accurate","Accurate","Not accurate","Accurate","Accurate","Mildly accurate","Mildly accurate","Not accurate","Mildly accurate","Mildly accurate","Mildly accurate","Not accurate","Mildly accurate","Mildly accurate","Accurate","Not accurate","Mildly accurate","Accurate","Accurate","Mildly accurate","Accurate","Mildly accurate","Accurate","Mildly accurate","Not accurate","Accurate","Not accurate","Accurate","Right","Left","Right","Right","Left","Left","Right","Right","Right","Right","Left","Left","Right","Right","Left","Right","Right","Left","Left","Left","Left","Left","Left","Left","Left","Left","Right","Right","Left","Right"
"2021/05/10 2:21:38 odp. GMT+2","Mildly accurate","Mildly accurate","Accurate","Not accurate","Not accurate","Mildly accurate","Accurate","Mildly accurate","Mildly accurate","Accurate","Mildly accurate","Not accurate","Mildly accurate","Not accurate","Not accurate","Not accurate","Not accurate","Not accurate","Not accurate","Not accurate","Not accurate","Not accurate","Mildly accurate","Not accurate","Mildly accurate","Not accurate","Mildly accurate","Mildly accurate","Mildly accurate","Not accurate","Not accurate","Not accurate","Not accurate","Not accurate","Accurate","Not accurate","Accurate","Not accurate","Not accurate","Mildly accurate","Accurate","Not accurate","Not accurate","Accurate","Not accurate","Accurate","Accurate","Not accurate","Mildly accurate","Not accurate","Mildly accurate","Mildly accurate","Mildly accurate","Mildly accurate","Accurate","Mildly accurate","Mildly accurate","Mildly accurate","Not accurate","Accurate","Accurate","Accurate","Accurate","Mildly accurate","Accurate","Accurate","Not accurate","Mildly accurate","Mildly accurate","Mildly accurate","Right","Left","Right","Right","Left","Left","Right","Left","Right","Right","Left","Right","Right","Right","Right","Right","Left","Left","Left","Left","Left","Right","Left","Right","Left","Left","Left","Left","Left","Left"
"2021/05/10 2:28:27 odp. GMT+2","Mildly accurate","Not accurate","Accurate","Not accurate","Not accurate","Mildly accurate","Accurate","Mildly accurate","Mildly accurate","Mildly accurate","Accurate","Not accurate","Mildly accurate","Not accurate","Not accurate","Not accurate","Not accurate","Not accurate","Not accurate","Not accurate","Not accurate","Not accurate","Not accurate","Not accurate","Accurate","Not accurate","Mildly accurate","Accurate","Mildly accurate","Mildly accurate","Mildly accurate","Not accurate","Not accurate","Not accurate","Accurate","Not accurate","Not accurate","Not accurate","Not accurate","Mildly accurate","Mildly accurate","Mildly accurate","Mildly accurate","Accurate","Not accurate","Mildly accurate","Mildly accurate","Accurate","Not accurate","Not accurate","Not accurate","Not accurate","Mildly accurate","Not accurate","Mildly accurate","Not accurate","Accurate","Not accurate","Mildly accurate","Mildly accurate","Accurate","Mildly accurate","Accurate","Mildly accurate","Accurate","Not accurate","Not accurate","Accurate","Not accurate","Mildly accurate","Right","Left","Right","Left","Left","Right","Left","Right","Right","Right","Right","Left","Left","Right","Right","Right","Left","Right","Left","Left","Left","Left","Left","Left","Left","Left","Left","Left","Left","Left"
"2021/05/10 3:08:02 odp. GMT+2","Not accurate","Not accurate","Not accurate","Not accurate","Not accurate","Not accurate","Accurate","Not accurate","Not accurate","Not accurate","Not accurate","Not accurate","Mildly accurate","Not accurate","Not accurate","Not accurate","Not accurate","Not accurate","Not accurate","Not accurate","Not accurate","Not accurate","Not accurate","Not accurate","Mildly accurate","Not accurate","Not accurate","Not accurate","Not accurate","Not accurate","Not accurate","Not accurate","Not accurate","Not accurate","Mildly accurate","Not accurate","Not accurate","Not accurate","Not accurate","Not accurate","Mildly accurate","Not accurate","Not accurate","Not accurate","Not accurate","Not accurate","Not accurate","Not accurate","Not accurate","Not accurate","Not accurate","Not accurate","Not accurate","Not accurate","Not accurate","Not accurate","Not accurate","Not accurate","Not accurate","Not accurate","Not accurate","Not accurate","Mildly accurate","Not accurate","Not accurate","Not accurate","Not accurate","Not accurate","Not accurate","Not accurate","Right","Left","Left","Left","Left","Left","Right","Right","Right","Right","Left","Right","Right","Right","Left","Right","Left","Left","Left","Left","Left","Left","Left","Left","Left","Left","Left","Left","Left","Left"
"2021/05/10 3:24:52 odp. GMT+2","Accurate","Not accurate","Accurate","Not accurate","Not accurate","Mildly accurate","Accurate","Mildly accurate","Mildly accurate","Mildly accurate","Mildly accurate","Not accurate","Not accurate","Not accurate","Not accurate","Not accurate","Not accurate","Mildly accurate","Not accurate","Not accurate","Not accurate","Not accurate","Accurate","Not accurate","Mildly accurate","Not accurate","Mildly accurate","Accurate","Mildly accurate","Not accurate","Not accurate","Not accurate","Not accurate","Not accurate","Accurate","Not accurate","Mildly accurate","Not accurate","Not accurate","Mildly accurate","Mildly accurate","Mildly accurate","Mildly accurate","Accurate","Not accurate","Accurate","Accurate","Accurate","Not accurate","Not accurate","Not accurate","Not accurate","Not accurate","Accurate","Accurate","Not accurate","Accurate","Not accurate","Mildly accurate","Accurate","Accurate","Not accurate","Accurate","Mildly accurate","Accurate","Accurate","Not accurate","Mildly accurate","Mildly accurate","Mildly accurate","Right","Left","Right","Right","Left","Right","Right","Right","Right","Right","Right","Right","Left","Right","Right","Right","Left","Left","Left","Left","Left","Left","Left","Left","Left","Left","Left","Left","Left","Left"
"2021/05/10 4:02:18 odp. GMT+2","Accurate","Not accurate","Accurate","Not accurate","Not accurate","Mildly accurate","Accurate","Not accurate","Mildly accurate","Mildly accurate","Accurate","Not accurate","Not accurate","Not accurate","Not accurate","Not accurate","Not accurate","Not accurate","Mildly accurate","Not accurate","Not accurate","Not accurate","Mildly accurate","Not accurate","Not accurate","Not accurate","Mildly accurate","Mildly accurate","Not accurate","Not accurate","Not accurate","Not accurate","Not accurate","Not accurate","Mildly accurate","Not accurate","Not accurate","Not accurate","Not accurate","Mildly accurate","Not accurate","Not accurate","Not accurate","Accurate","Not accurate","Mildly accurate","Mildly accurate","Not accurate","Not accurate","Not accurate","Not accurate","Not accurate","Not accurate","Accurate","Accurate","Mildly accurate","Mildly accurate","Mildly accurate","Mildly accurate","Mildly accurate","Accurate","Mildly accurate","Accurate","Not accurate","Accurate","Mildly accurate","Not accurate","Mildly accurate","Mildly accurate","Mildly accurate","Right","Left","Right","Right","Left","Left","Right","Right","Left","Right","Right","Right","Right","Right","Right","Right","Left","Right","Left","Right","Left","Right","Left","Right","Left","Left","Right","Right","Left","Right"
"2021/05/10 4:04:01 odp. GMT+2","Not accurate","Mildly accurate","Accurate","Not accurate","Mildly accurate","Mildly accurate","Accurate","Mildly accurate","Mildly accurate","Not accurate","Mildly accurate","Not accurate","Accurate","Not accurate","Not accurate","Not accurate","Mildly accurate","Mildly accurate","Not accurate","Not accurate","Not accurate","Not accurate","Mildly accurate","Not accurate","Mildly accurate","Not accurate","Mildly accurate","Mildly accurate","Mildly accurate","Mildly accurate","Not accurate","Not accurate","Not accurate","Not accurate","Accurate","Not accurate","Accurate","Not accurate","Not accurate","Mildly accurate","Mildly accurate","Not accurate","Accurate","Accurate","Not accurate","Mildly accurate","Mildly accurate","Accurate","Not accurate","Not accurate","Not accurate","Mildly accurate","Not accurate","Accurate","Mildly accurate","Mildly accurate","Mildly accurate","Not accurate","Accurate","Accurate","Accurate","Accurate","Accurate","Not accurate","Mildly accurate","Accurate","Not accurate","Mildly accurate","Mildly accurate","Accurate","Right","Left","Right","Left","Left","Left","Left","Right","Left","Right","Left","Right","Right","Right","Right","Right","Left","Left","Left","Left","Left","Left","Left","Left","Left","Left","Left","Left","Left","Left"
"2021/05/10 6:54:02 odp. GMT+2","Mildly accurate","Not accurate","Accurate","Not accurate","Mildly accurate","Not accurate","Accurate","Not accurate","Not accurate","Mildly accurate","Not accurate","Not accurate","Mildly accurate","Not accurate","Not accurate","Not accurate","Mildly accurate","Not accurate","Not accurate","Not accurate","Not accurate","Not accurate","Mildly accurate","Not accurate","Accurate","Not accurate","Not accurate","Accurate","Not accurate","Not accurate","Not accurate","Not accurate","Not accurate","Not accurate","Not accurate","Not accurate","Mildly accurate","Not accurate","Not accurate","Not accurate","Not accurate","Not accurate","Mildly accurate","Accurate","Not accurate","Mildly accurate","Accurate","Not accurate","Not accurate","Not accurate","Not accurate","Mildly accurate","Not accurate","Not accurate","Mildly accurate","Mildly accurate","Mildly accurate","Not accurate","Mildly accurate","Accurate","Accurate","Mildly accurate","Accurate","Not accurate","Accurate","Mildly accurate","Not accurate","Accurate","Not accurate","Not accurate","Right","Right","Right","Right","Left","Left","Right","Right","Right","Right","Right","Right","Right","Right","Right","Right","Left","Right","Right","Right","Right","Left","Left","Right","Left","Left","Left","Left","Left","Right"
"2021/05/10 7:08:47 odp. GMT+2","Mildly accurate","Not accurate","Accurate","Not accurate","Not accurate","Accurate","Accurate","Accurate","Accurate","Accurate","Mildly accurate","Not accurate","Mildly accurate","Not accurate","Not accurate","Not accurate","Not accurate","Not accurate","Not accurate","Not accurate","Not accurate","Not accurate","Accurate","Not accurate","Accurate","Not accurate","Accurate","Accurate","Not accurate","Not accurate","Not accurate","Not accurate","Not accurate","Not accurate","Accurate","Not accurate","Mildly accurate","Not accurate","Not accurate","Not accurate","Mildly accurate","Not accurate","Not accurate","Accurate","Not accurate","Not accurate","Accurate","Not accurate","Mildly accurate","Not accurate","Not accurate","Not accurate","Not accurate","Accurate","Mildly accurate","Not accurate","Accurate","Not accurate","Accurate","Accurate","Accurate","Accurate","Accurate","Not accurate","Accurate","Accurate","Not accurate","Accurate","Not accurate","Accurate","Right","Left","Right","Left","Left","Left","Right","Right","Right","Right","Left","Left","Right","Right","Right","Right","Left","Left","Right","Right","Left","Left","Left","Right","Left","Left","Left","Left","Right","Left"
"2021/05/10 7:48:21 odp. GMT+2","Mildly accurate","Not accurate","Accurate","Not accurate","Not accurate","Mildly accurate","Accurate","Mildly accurate","Mildly accurate","Mildly accurate","Mildly accurate","Not accurate","Mildly accurate","Not accurate","Not accurate","Not accurate","Not accurate","Not accurate","Mildly accurate","Not accurate","Not accurate","Not accurate","Accurate","Not accurate","Mildly accurate","Mildly accurate","Accurate","Mildly accurate","Mildly accurate","Mildly accurate","Not accurate","Not accurate","Not accurate","Not accurate","Accurate","Not accurate","Mildly accurate","Not accurate","Not accurate","Mildly accurate","Accurate","Mildly accurate","Not accurate","Accurate","Not accurate","Mildly accurate","Accurate","Accurate","Mildly accurate","Not accurate","Not accurate","Not accurate","Mildly accurate","Accurate","Mildly accurate","Not accurate","Accurate","Not accurate","Accurate","Mildly accurate","Accurate","Mildly accurate","Accurate","Mildly accurate","Accurate","Mildly accurate","Not accurate","Mildly accurate","Not accurate","Mildly accurate","Right","Left","Right","Right","Left","Right","Right","Right","Right","Right","Right","Right","Right","Left","Right","Right","Left","Left","Left","Left","Left","Left","Left","Right","Left","Left","Right","Right","Left","Left"
"2021/05/10 8:04:14 odp. GMT+2","Mildly accurate","Not accurate","Accurate","Not accurate","Mildly accurate","Accurate","Accurate","Mildly accurate","Accurate","Mildly accurate","Mildly accurate","Not accurate","Mildly accurate","Not accurate","Not accurate","Not accurate","Not accurate","Mildly accurate","Not accurate","Not accurate","Not accurate","Not accurate","Accurate","Not accurate","Accurate","Not accurate","Not accurate","Mildly accurate","Not accurate","Not accurate","Not accurate","Not accurate","Mildly accurate","Not accurate","Accurate","Not accurate","Mildly accurate","Not accurate","Not accurate","Mildly accurate","Mildly accurate","Mildly accurate","Not accurate","Accurate","Not accurate","Accurate","Accurate","Accurate","Not accurate","Not accurate","Not accurate","Not accurate","Not accurate","Not accurate","Mildly accurate","Not accurate","Accurate","Not accurate","Accurate","Accurate","Accurate","Accurate","Accurate","Mildly accurate","Accurate","Mildly accurate","Not accurate","Accurate","Mildly accurate","Mildly accurate","Right","Left","Right","Right","Left","Right","Right","Right","Right","Right","Right","Right","Right","Right","Right","Right","Left","Left","Left","Right","Left","Left","Left","Left","Left","Left","Right","Right","Right","Left"
"2021/05/10 8:09:06 odp. GMT+2","Mildly accurate","Not accurate","Accurate","Not accurate","Not accurate","Not accurate","Accurate","Mildly accurate","Not accurate","Mildly accurate","Mildly accurate","Not accurate","Mildly accurate","Not accurate","Not accurate","Not accurate","Not accurate","Not accurate","Not accurate","Not accurate","Not accurate","Not accurate","Mildly accurate","Not accurate","Mildly accurate","Not accurate","Mildly accurate","Mildly accurate","Not accurate","Not accurate","Not accurate","Not accurate","Not accurate","Not accurate","Accurate","Not accurate","Mildly accurate","Not accurate","Not accurate","Mildly accurate","Mildly accurate","Not accurate","Not accurate","Mildly accurate","Not accurate","Mildly accurate","Mildly accurate","Mildly accurate","Not accurate","Not accurate","Not accurate","Not accurate","Mildly accurate","Mildly accurate","Mildly accurate","Mildly accurate","Accurate","Not accurate","Not accurate","Accurate","Accurate","Mildly accurate","Accurate","Not accurate","Accurate","Not accurate","Not accurate","Mildly accurate","Not accurate","Mildly accurate","Right","Left","Right","Right","Right","Right","Right","Right","Right","Right","Right","Right","Left","Right","Right","Right","Left","Right","Left","Left","Left","Left","Left","Right","Left","Left","Right","Left","Left","Left"
"2021/05/11 12:10:14 dop. GMT+2","Not accurate","Not accurate","Mildly accurate","Not accurate","Not accurate","Not accurate","Accurate","Not accurate","Not accurate","Not accurate","Accurate","Not accurate","Not accurate","Not accurate","Not accurate","Not accurate","Not accurate","Not accurate","Not accurate","Not accurate","Not accurate","Not accurate","Not accurate","Not accurate","Mildly accurate","Not accurate","Not accurate","Mildly accurate","Not accurate","Not accurate","Not accurate","Not accurate","Not accurate","Not accurate","Mildly accurate","Not accurate","Mildly accurate","Not accurate","Not accurate","Mildly accurate","Not accurate","Not accurate","Mildly accurate","Mildly accurate","Not accurate","Not accurate","Not accurate","Not accurate","Not accurate","Mildly accurate","Not accurate","Not accurate","Not accurate","Mildly accurate","Mildly accurate","Mildly accurate","Mildly accurate","Not accurate","Not accurate","Not accurate","Mildly accurate","Not accurate","Not accurate","Mildly accurate","Mildly accurate","Not accurate","Not accurate","Not accurate","Not accurate","Mildly accurate","Right","Left","Right","Right","Left","Left","Right","Right","Right","Right","Right","Right","Right","Right","Right","Right","Right","Right","Right","Right","Right","Right","Left","Right","Left","Left","Right","Right","Left","Right"
"2021/05/11 8:51:24 dop. GMT+2","Not accurate","Not accurate","Mildly accurate","Not accurate","Not accurate","Not accurate","Accurate","Mildly accurate","Not accurate","Not accurate","Mildly accurate","Not accurate","Mildly accurate","Not accurate","Not accurate","Not accurate","Not accurate","Not accurate","Not accurate","Not accurate","Not accurate","Not accurate","Not accurate","Not accurate","Mildly accurate","Not accurate","Not accurate","Mildly accurate","Not accurate","Not accurate","Not accurate","Not accurate","Not accurate","Not accurate","Mildly accurate","Not accurate","Mildly accurate","Not accurate","Not accurate","Not accurate","Not accurate","Not accurate","Mildly accurate","Not accurate","Not accurate","Mildly accurate","Mildly accurate","Not accurate","Not accurate","Not accurate","Not accurate","Not accurate","Not accurate","Mildly accurate","Mildly accurate","Not accurate","Not accurate","Not accurate","Mildly accurate","Mildly accurate","Mildly accurate","Mildly accurate","Accurate","Not accurate","Not accurate","Mildly accurate","Not accurate","Not accurate","Not accurate","Not accurate","Right","Left","Right","Left","Right","Left","Right","Right","Right","Right","Right","Right","Right","Right","Right","Right","Left","Left","Left","Left","Left","Left","Left","Left","Left","Left","Left","Left","Right","Right"
"2021/05/11 9:14:24 dop. GMT+2","Mildly accurate","Mildly accurate","Accurate","Not accurate","Not accurate","Not accurate","Accurate","Mildly accurate","Mildly accurate","Not accurate","Not accurate","Not accurate","Not accurate","Not accurate","Not accurate","Not accurate","Not accurate","Not accurate","Not accurate","Not accurate","Not accurate","Not accurate","Not accurate","Not accurate","Not accurate","Not accurate","Not accurate","Mildly accurate","Not accurate","Not accurate","Mildly accurate","Not accurate","Not accurate","Not accurate","Accurate","Not accurate","Not accurate","Not accurate","Not accurate","Not accurate","Mildly accurate","Not accurate","Not accurate","Accurate","Not accurate","Not accurate","Accurate","Not accurate","Not accurate","Accurate","Not accurate","Not accurate","Not accurate","Accurate","Not accurate","Not accurate","Not accurate","Not accurate","Not accurate","Mildly accurate","Not accurate","Not accurate","Accurate","Mildly accurate","Accurate","Not accurate","Not accurate","Accurate","Not accurate","Accurate","Right","Left","Right","Left","Left","Left","Left","Right","Left","Right","Left","Right","Left","Left","Left","Left","Left","Left","Left","Left","Left","Left","Left","Left","Left","Left","Left","Left","Left","Left"
"2021/05/11 10:20:13 dop. GMT+2","Mildly accurate","Not accurate","Accurate","Not accurate","Not accurate","Accurate","Accurate","Mildly accurate","Accurate","Mildly accurate","Not accurate","Not accurate","Mildly accurate","Not accurate","Not accurate","Not accurate","Not accurate","Mildly accurate","Not accurate","Not accurate","Not accurate","Not accurate","Accurate","Not accurate","Accurate","Not accurate","Mildly accurate","Accurate","Not accurate","Not accurate","Not accurate","Mildly accurate","Not accurate","Not accurate","Accurate","Mildly accurate","Accurate","Not accurate","Not accurate","Mildly accurate","Mildly accurate","Mildly accurate","Not accurate","Accurate","Not accurate","Accurate","Accurate","Mildly accurate","Not accurate","Not accurate","Not accurate","Not accurate","Not accurate","Mildly accurate","Mildly accurate","Not accurate","Mildly accurate","Not accurate","Accurate","Accurate","Accurate","Accurate","Accurate","Mildly accurate","Accurate","Mildly accurate","Not accurate","Accurate","Not accurate","Mildly accurate","Right","Left","Right","Right","Right","Right","Right","Right","Right","Right","Right","Right","Right","Right","Right","Right","Left","Right","Left","Right","Left","Left","Left","Left","Left","Left","Right","Right","Left","Right"